SEX,AGE,UNIT,DESIGNATION,PAST EXP,RATINGS,DOJ,CURRENT DATE,years_experience,SALARY
Male,32,Sales,Analyst,0,2,2023-03-24,2024-07-01,1.3,37350.0
Female,36,IT,Analyst,7,4,2012-10-29,2024-07-01,11.7,64750.0
Female,44,IT,Senior Analyst,2,1,2018-05-09,2024-07-01,6.2,56520.0
Female,39,Sales,Analyst,6,2,2023-12-14,2024-07-01,0.5,43550.0
Male,28,IT,Senior Analyst,9,5,2012-10-23,2024-07-01,11.7,80580.0
Male,51,IT,Team Lead,7,1,2011-08-06,2024-07-01,12.9,88970.0
Male,41,IT,Analyst,5,1,2012-01-06,2024-07-01,12.5,58950.0
Female,37,Operations,Manager,9,3,2023-07-18,2024-07-01,1.0,78240.0
Female,43,Sales,Executive,8,2,2023-06-15,2024-07-01,1.0,61230.0
Female,57,IT,Executive,6,3,2011-08-03,2024-07-01,12.9,88075.0
Male,36,IT,Team Lead,9,2,2010-06-28,2024-07-01,14.0,92680.0
Female,26,IT,Senior Analyst,4,4,2012-08-25,2024-07-01,11.9,72060.0
Female,28,Marketing,Team Lead,7,3,2023-01-13,2024-07-01,1.5,64190.0
Male,45,Sales,Manager,1,3,2022-07-22,2024-07-01,1.9,70160.0
Male,38,IT,Analyst,6,5,2023-12-08,2024-07-01,0.6,49500.0
Male,45,IT,Analyst,3,3,2021-10-31,2024-07-01,2.7,47050.0
Male,32,IT,Manager,8,2,2017-08-05,2024-07-01,6.9,86000.0
Female,35,Sales,Analyst,0,5,2017-06-12,2024-07-01,7.1,52650.0
Female,46,Marketing,Senior Analyst,6,3,2023-09-13,2024-07-01,0.8,56880.0
Male,46,IT,Senior Analyst,5,3,2015-12-07,2024-07-01,8.6,69720.0
Female,52,IT,Analyst,7,4,2016-01-14,2024-07-01,8.5,63150.0
Male,30,IT,Senior Analyst,4,3,2011-12-04,2024-07-01,12.6,71880.0
Male,36,Operations,Manager,0,1,2014-01-17,2024-07-01,10.5,79920.0
Male,27,IT,Analyst,0,5,2022-09-14,2024-07-01,1.8,43100.0
Female,37,Marketing,Analyst,8,1,2011-06-30,2024-07-01,13.0,61900.0
Female,43,Finance,Analyst,9,5,2010-10-22,2024-07-01,13.7,73150.0
Male,46,IT,Analyst,5,4,2014-04-20,2024-07-01,10.2,62500.0
Female,41,IT,Executive,9,3,2013-12-21,2024-07-01,10.5,83135.0
Female,42,IT,Analyst,4,3,2021-02-16,2024-07-01,3.4,48500.0
Male,27,Finance,Senior Analyst,0,3,2011-12-16,2024-07-01,12.6,66360.0
Female,34,Marketing,Analyst,5,5,2022-03-04,2024-07-01,2.3,50250.0
Male,35,Finance,Analyst,5,3,2022-11-26,2024-07-01,1.6,45400.0
Male,27,Finance,Senior Manager,2,1,2020-05-30,2024-07-01,4.1,72990.0
Female,29,IT,Manager,7,3,2018-04-05,2024-07-01,6.2,84960.0
Female,28,Operations,Analyst,0,4,2020-12-03,2024-07-01,3.6,44000.0
Female,43,Marketing,Analyst,0,1,2012-11-16,2024-07-01,11.6,53000.0
Male,49,IT,Analyst,5,3,2011-10-22,2024-07-01,12.7,64850.0
Male,38,Operations,Analyst,9,3,2012-05-12,2024-07-01,12.1,65750.0
Female,51,Finance,Senior Analyst,0,2,2016-09-08,2024-07-01,7.8,61080.0
Female,50,Finance,Analyst,5,5,2018-04-02,2024-07-01,6.3,59450.0
Male,59,Sales,Analyst,0,1,2022-03-03,2024-07-01,2.3,42250.0
Female,55,Marketing,Analyst,5,2,2019-03-07,2024-07-01,5.3,52950.0
Male,38,Sales,Executive,2,4,2015-04-02,2024-07-01,9.3,73515.0
Female,59,IT,Team Lead,7,5,2017-01-10,2024-07-01,7.5,91070.0
Male,37,IT,Analyst,5,1,2017-03-05,2024-07-01,7.3,50350.0
Female,34,Operations,Manager,0,3,2011-04-16,2024-07-01,13.2,92160.0
Male,51,IT,Analyst,4,1,2010-06-20,2024-07-01,14.0,62200.0
Female,44,IT,Analyst,7,3,2017-01-17,2024-07-01,7.5,58050.0
Female,55,HR,Manager,2,5,2015-07-18,2024-07-01,9.0,98400.0
Male,54,HR,Executive,5,3,2015-11-18,2024-07-01,8.6,77610.0
Female,23,Finance,Team Lead,4,4,2023-05-06,2024-07-01,1.2,60760.0
Female,57,Operations,Senior Analyst,5,3,2022-03-20,2024-07-01,2.3,61020.0
Female,46,IT,Analyst,9,4,2010-07-28,2024-07-01,13.9,72050.0
Female,43,IT,Manager,0,5,2014-09-25,2024-07-01,9.8,93280.0
Female,59,IT,Analyst,6,5,2019-05-17,2024-07-01,5.1,60450.0
Female,35,Operations,Senior Analyst,8,1,2013-12-17,2024-07-01,10.5,69300.0
Male,24,Finance,Analyst,1,4,2014-07-04,2024-07-01,10.0,53800.0
Male,49,IT,Senior Analyst,9,4,2019-02-21,2024-07-01,5.4,71880.0
Male,42,Marketing,Analyst,4,2,2012-11-16,2024-07-01,11.6,58800.0
Male,45,Operations,Analyst,9,2,2015-03-16,2024-07-01,9.3,60950.0
Male,33,Marketing,Executive,3,2,2021-05-04,2024-07-01,3.2,56420.0
Male,38,Operations,Analyst,5,3,2016-11-16,2024-07-01,7.6,55000.0
Female,53,IT,Senior Analyst,5,2,2023-02-21,2024-07-01,1.4,56040.0
Male,36,Marketing,Analyst,1,4,2017-11-23,2024-07-01,6.6,51100.0
Male,22,HR,Analyst,1,3,2018-04-04,2024-07-01,6.2,45700.0
Female,55,Marketing,Analyst,3,5,2015-12-01,2024-07-01,8.6,61900.0
Male,54,Sales,Analyst,0,1,2019-07-12,2024-07-01,5.0,45300.0
Female,50,Marketing,Executive,8,2,2016-09-17,2024-07-01,7.8,76310.0
Male,33,Sales,Analyst,6,5,2017-02-21,2024-07-01,7.4,58700.0
Female,33,IT,Team Lead,6,4,2012-09-17,2024-07-01,11.8,88620.0
Female,38,Finance,Senior Analyst,2,1,2012-11-24,2024-07-01,11.6,64800.0
Male,52,Operations,Analyst,2,5,2020-10-08,2024-07-01,3.7,52950.0
Male,52,Operations,Senior Analyst,0,1,2016-12-30,2024-07-01,7.5,58380.0
Female,55,IT,Senior Analyst,2,2,2019-08-02,2024-07-01,4.9,59220.0
Female,59,IT,Manager,2,4,2019-11-17,2024-07-01,4.6,85920.0
Female,49,IT,Analyst,3,1,2021-08-05,2024-07-01,2.9,44150.0
Female,49,Sales,Analyst,3,5,2016-05-25,2024-07-01,8.1,59950.0
Male,36,Marketing,Executive,2,2,2023-02-08,2024-07-01,1.4,52390.0
Male,30,IT,Executive,9,2,2019-09-28,2024-07-01,4.8,66560.0
Male,50,Finance,Executive,7,5,2021-02-22,2024-07-01,3.4,74230.0
Female,45,Marketing,Analyst,7,5,2018-05-23,2024-07-01,6.1,60150.0
Female,59,Sales,Manager,0,1,2012-04-27,2024-07-01,12.2,91360.0
Male,40,Finance,Analyst,6,3,2023-07-08,2024-07-01,1.0,46500.0
Male,25,Finance,Analyst,1,2,2015-09-01,2024-07-01,8.8,48200.0
Male,21,Finance,Analyst,0,1,2020-01-19,2024-07-01,4.5,37950.0
Male,50,IT,Senior Analyst,2,5,2013-10-01,2024-07-01,10.8,75840.0
Female,23,Finance,Analyst,3,1,2019-03-12,2024-07-01,5.3,42550.0
Female,34,Sales,Analyst,5,5,2016-06-23,2024-07-01,8.0,58800.0
Female,50,Operations,Executive,9,4,2017-04-25,2024-07-01,7.2,81640.0
Female,24,Finance,Analyst,4,5,2023-10-12,2024-07-01,0.7,44850.0
Male,38,Marketing,Analyst,3,5,2022-04-15,2024-07-01,2.2,48900.0
Female,57,IT,Analyst,7,5,2019-03-19,2024-07-01,5.3,61350.0
Female,45,HR,Executive,3,3,2011-05-20,2024-07-01,13.1,81445.0
Female,21,IT,Senior Analyst,9,5,2020-06-12,2024-07-01,4.1,65220.0
Female,35,IT,Analyst,1,2,2017-02-15,2024-07-01,7.4,48100.0
Female,29,Sales,Senior Manager,2,2,2023-03-14,2024-07-01,1.3,69750.0
Female,35,Operations,Senior Manager,5,1,2018-12-02,2024-07-01,5.6,85320.0
Female,44,IT,Analyst,7,3,2014-10-13,2024-07-01,9.7,61350.0
Male,24,HR,Senior Analyst,7,1,2014-12-12,2024-07-01,9.6,63840.0
Male,32,Marketing,Manager,8,2,2010-01-05,2024-07-01,14.5,104240.0
Male,57,IT,Senior Analyst,6,2,2019-07-22,2024-07-01,4.9,64500.0
Female,57,Finance,Analyst,1,4,2020-08-26,2024-07-01,3.8,51100.0
Male,26,Sales,Executive,7,5,2016-03-23,2024-07-01,8.3,77545.0
Female,59,Finance,Senior Analyst,6,2,2017-05-18,2024-07-01,7.1,68940.0
Female,44,IT,Analyst,7,1,2021-05-09,2024-07-01,3.1,47450.0
Male,31,IT,Analyst,2,1,2013-08-08,2024-07-01,10.9,51550.0
Female,33,Marketing,Analyst,6,5,2023-05-19,2024-07-01,1.1,49250.0
Female,54,Finance,Analyst,9,5,2015-02-18,2024-07-01,9.4,68900.0
Male,45,IT,Manager,8,4,2018-12-04,2024-07-01,5.6,93440.0
Male,27,Marketing,Analyst,2,3,2010-09-21,2024-07-01,13.8,59100.0
Male,24,IT,Analyst,9,1,2012-01-30,2024-07-01,12.4,59400.0
Male,28,Sales,Senior Analyst,5,5,2021-04-02,2024-07-01,3.2,60480.0
Female,40,IT,Analyst,1,1,2022-02-10,2024-07-01,2.4,39600.0
Female,49,Operations,Team Lead,1,5,2018-06-10,2024-07-01,6.1,76930.0
Female,30,IT,Analyst,4,2,2019-02-20,2024-07-01,5.4,47100.0
Female,54,IT,Analyst,4,1,2013-05-11,2024-07-01,11.1,58450.0
Female,46,IT,Analyst,6,2,2012-04-24,2024-07-01,12.2,62500.0
Male,23,IT,Analyst,1,1,2012-02-15,2024-07-01,12.4,51200.0
Female,26,Operations,Analyst,6,3,2018-03-26,2024-07-01,6.3,51650.0
Female,25,Operations,Manager,4,4,2010-03-25,2024-07-01,14.3,101520.0
Female,25,IT,Team Lead,5,2,2020-01-27,2024-07-01,4.4,63840.0
Female,43,HR,Analyst,7,5,2012-01-11,2024-07-01,12.5,69350.0
Male,29,Sales,Senior Analyst,9,3,2021-06-17,2024-07-01,3.0,60360.0
Male,55,Operations,Manager,3,1,2011-12-07,2024-07-01,12.6,95840.0
Male,40,Finance,Senior Manager,6,2,2020-08-11,2024-07-01,3.9,87930.0
Female,55,IT,Analyst,5,1,2022-04-26,2024-07-01,2.2,46300.0
Female,38,HR,Analyst,9,1,2023-08-25,2024-07-01,0.9,44950.0
Female,37,Sales,Analyst,1,1,2012-12-23,2024-07-01,11.5,52650.0
Male,44,IT,Manager,7,4,2012-05-22,2024-07-01,12.1,107120.0
Female,23,Finance,Senior Manager,9,4,2016-07-12,2024-07-01,8.0,105480.0
Female,52,IT,Analyst,8,5,2010-06-27,2024-07-01,14.0,74400.0
Male,55,Marketing,Analyst,4,2,2010-06-03,2024-07-01,14.1,65150.0
Male,58,IT,Executive,9,3,2018-09-27,2024-07-01,5.8,78390.0
Male,33,Finance,Senior Manager,3,3,2010-12-24,2024-07-01,13.5,109530.0
Female,45,HR,Team Lead,5,3,2020-07-17,2024-07-01,4.0,71400.0
Male,29,Finance,Manager,7,1,2011-11-10,2024-07-01,12.6,93920.0
Female,24,IT,Analyst,2,4,2021-09-24,2024-07-01,2.8,44000.0
Female,34,Finance,Senior Analyst,9,2,2020-11-04,2024-07-01,3.7,60420.0
Male,57,Finance,Senior Analyst,0,1,2022-05-01,2024-07-01,2.2,50040.0
Female,54,Finance,Analyst,3,4,2023-09-15,2024-07-01,0.8,48000.0
Female,31,Finance,Senior Analyst,3,4,2021-11-08,2024-07-01,2.6,55320.0
Male,23,Sales,Manager,0,2,2017-05-22,2024-07-01,7.1,70800.0
Female,48,Marketing,Analyst,8,2,2016-01-02,2024-07-01,8.5,59350.0
Male,49,IT,Manager,2,2,2018-04-11,2024-07-01,6.2,80160.0
Male,29,Marketing,Senior Analyst,4,1,2012-08-26,2024-07-01,11.9,65580.0
Male,23,HR,Team Lead,5,5,2018-12-25,2024-07-01,5.5,73990.0
Female,45,IT,Analyst,7,2,2015-02-26,2024-07-01,9.4,59100.0
Female,54,IT,Analyst,5,5,2018-11-19,2024-07-01,5.6,59200.0
Male,32,IT,Senior Analyst,2,1,2012-10-29,2024-07-01,11.7,63540.0
Male,29,Marketing,Analyst,5,5,2017-05-01,2024-07-01,7.2,56600.0
Female,35,Sales,Manager,0,3,2018-04-23,2024-07-01,6.2,75680.0
Male,45,Marketing,Manager,3,5,2023-01-26,2024-07-01,1.4,78560.0
Male,25,Finance,Analyst,5,2,2010-09-03,2024-07-01,13.8,59700.0
Female,31,HR,Senior Analyst,6,1,2011-03-16,2024-07-01,13.3,70980.0
Female,54,IT,Senior Analyst,9,2,2022-07-15,2024-07-01,2.0,62160.0
Male,44,IT,Analyst,2,3,2023-01-14,2024-07-01,1.5,44050.0
Female,35,HR,Executive,8,2,2010-04-26,2024-07-01,14.2,84890.0
Female,58,IT,Senior Manager,6,2,2016-04-17,2024-07-01,8.2,106020.0
Male,28,IT,Senior Analyst,0,2,2012-03-20,2024-07-01,12.3,63660.0
Female,25,Finance,Manager,1,4,2020-11-10,2024-07-01,3.6,71040.0
Male,46,Sales,Analyst,0,3,2011-06-29,2024-07-01,13.0,59700.0
Female,38,Operations,Executive,8,2,2019-09-20,2024-07-01,4.8,67340.0
Female,26,Operations,Senior Analyst,8,2,2020-10-14,2024-07-01,3.7,57300.0
Female,57,Finance,Manager,6,2,2012-08-07,2024-07-01,11.9,102800.0
Male,33,HR,Executive,9,1,2011-07-28,2024-07-01,12.9,80535.0
Female,48,Finance,Analyst,2,4,2013-08-18,2024-07-01,10.9,60950.0
Male,25,Marketing,Senior Manager,4,1,2018-08-05,2024-07-01,5.9,80730.0
Male,33,IT,Analyst,3,4,2011-07-16,2024-07-01,13.0,62100.0
Male,37,HR,Analyst,6,2,2012-12-30,2024-07-01,11.5,59650.0
Female,52,Marketing,Analyst,8,3,2012-06-05,2024-07-01,12.1,67550.0
Female,49,IT,Team Lead,1,5,2011-11-28,2024-07-01,12.6,90580.0
Male,23,Finance,Executive,7,5,2015-04-28,2024-07-01,9.2,78520.0
Female,54,Finance,Manager,8,2,2019-11-01,2024-07-01,4.7,87760.0
Male,47,IT,Manager,9,1,2018-07-06,2024-07-01,6.0,87040.0
Female,33,IT,Senior Analyst,9,3,2013-08-27,2024-07-01,10.9,75540.0
Male,53,IT,Executive,8,4,2015-01-17,2024-07-01,9.5,85605.0
Female,26,IT,Analyst,9,2,2010-11-21,2024-07-01,13.6,63600.0
Male,44,IT,Analyst,6,3,2019-08-20,2024-07-01,4.9,53150.0
Female,39,Marketing,Analyst,8,3,2015-12-13,2024-07-01,8.6,59700.0
Male,36,IT,Manager,8,4,2011-11-16,2024-07-01,12.6,107360.0
Male,48,Finance,Manager,2,3,2017-09-21,2024-07-01,6.8,84480.0
Male,53,IT,Analyst,3,1,2018-10-15,2024-07-01,5.7,49150.0
Female,33,Operations,Analyst,1,1,2020-03-12,2024-07-01,4.3,41050.0
Female,45,IT,Senior Manager,9,1,2021-07-17,2024-07-01,3.0,89100.0
Male,56,HR,Analyst,2,3,2016-12-20,2024-07-01,7.5,55450.0
Female,47,Operations,Manager,4,1,2012-12-07,2024-07-01,11.6,92480.0
Female,58,Marketing,Team Lead,4,4,2016-03-28,2024-07-01,8.3,85470.0
Female,27,IT,Analyst,5,3,2014-08-04,2024-07-01,9.9,56250.0
Female,25,Marketing,Analyst,6,5,2012-10-26,2024-07-01,11.7,63550.0
Male,51,HR,Manager,6,3,2012-07-03,2024-07-01,12.0,104320.0
Male,43,HR,Senior Manager,0,4,2019-01-17,2024-07-01,5.5,89730.0
Female,30,IT,Senior Analyst,1,5,2011-07-10,2024-07-01,13.0,73800.0
Female,52,IT,Team Lead,8,3,2021-12-21,2024-07-01,2.5,74410.0
Female,50,Sales,Analyst,9,1,2014-10-26,2024-07-01,9.7,60550.0
Male,59,HR,Senior Analyst,1,2,2013-04-15,2024-07-01,11.2,70320.0
Male,51,HR,Manager,5,2,2022-09-29,2024-07-01,1.8,75040.0
Female,38,Sales,Executive,0,1,2014-07-07,2024-07-01,10.0,64480.0
Female,56,Marketing,Analyst,2,2,2016-01-06,2024-07-01,8.5,54950.0
Female,22,IT,Senior Manager,1,2,2012-03-02,2024-07-01,12.3,95130.0
Female,34,Finance,Senior Analyst,2,1,2023-09-28,2024-07-01,0.8,44400.0
Female,33,IT,Analyst,4,1,2015-12-18,2024-07-01,8.5,50350.0
Male,49,Marketing,Analyst,9,3,2019-04-06,2024-07-01,5.2,57600.0
Male,32,Sales,Executive,5,3,2015-07-16,2024-07-01,9.0,72670.0
Female,59,Operations,Analyst,8,1,2013-11-09,2024-07-01,10.6,62700.0
Female,22,IT,Analyst,9,4,2023-07-23,2024-07-01,0.9,47750.0
Male,52,IT,Analyst,3,2,2021-06-01,2024-07-01,3.1,47050.0
Male,33,IT,Executive,6,3,2012-02-05,2024-07-01,12.4,80860.0
Female,47,IT,Senior Analyst,5,2,2013-09-17,2024-07-01,10.8,71520.0
Male,37,IT,Manager,1,5,2015-06-13,2024-07-01,9.1,91280.0
Male,51,Operations,Analyst,9,1,2017-12-18,2024-07-01,6.5,55950.0
Female,54,IT,Senior Analyst,7,4,2017-11-22,2024-07-01,6.6,72840.0
Female,44,IT,Senior Analyst,6,5,2017-02-10,2024-07-01,7.4,73080.0
Female,55,Marketing,Senior Manager,6,5,2011-08-10,2024-07-01,12.9,128430.0
Male,26,HR,Executive,7,5,2021-03-28,2024-07-01,3.3,67795.0
Female,39,Marketing,Analyst,0,1,2022-04-09,2024-07-01,2.2,38100.0
Male,50,IT,Senior Analyst,0,3,2012-12-11,2024-07-01,11.6,70080.0
Male,27,HR,Analyst,7,1,2014-09-07,2024-07-01,9.8,54100.0
Female,30,IT,Senior Analyst,3,3,2020-04-11,2024-07-01,4.2,55560.0
Female,52,IT,Analyst,4,5,2010-03-24,2024-07-01,14.3,70850.0
Female,54,Operations,Analyst,7,5,2020-04-27,2024-07-01,4.2,59100.0
Female,48,IT,Analyst,4,4,2016-02-13,2024-07-01,8.4,59200.0
Female,35,Finance,Senior Analyst,9,3,2020-11-09,2024-07-01,3.6,62880.0
Male,50,HR,Analyst,3,5,2010-12-01,2024-07-01,13.6,68400.0
Male,57,IT,Manager,5,2,2013-02-16,2024-07-01,11.4,100000.0
Male,49,Operations,Analyst,4,4,2020-04-25,2024-07-01,4.2,53100.0
Male,42,IT,Analyst,6,1,2021-04-12,2024-07-01,3.2,46200.0
Female,24,Sales,Manager,9,4,2012-06-18,2024-07-01,12.0,103680.0
Male,40,Operations,Analyst,6,2,2012-03-21,2024-07-01,12.3,61450.0
Female,52,Finance,Analyst,3,3,2015-05-31,2024-07-01,9.1,58050.0
Female,56,Operations,Senior Analyst,4,1,2018-01-04,2024-07-01,6.5,62340.0
Female,24,IT,Analyst,2,1,2016-03-28,2024-07-01,8.3,46250.0
Female,47,HR,Analyst,3,3,2011-01-06,2024-07-01,13.5,63650.0
Female,37,IT,Analyst,3,4,2021-10-30,2024-07-01,2.7,47450.0
Female,32,Sales,Executive,2,5,2016-10-24,2024-07-01,7.7,71435.0
Male,42,Operations,Senior Analyst,9,4,2014-11-06,2024-07-01,9.7,77940.0
Female,37,IT,Senior Analyst,4,2,2012-12-08,2024-07-01,11.6,69360.0
Male,30,Sales,Senior Analyst,4,5,2017-12-02,2024-07-01,6.6,65880.0
Male,21,IT,Analyst,6,4,2017-07-28,2024-07-01,6.9,53550.0
Female,42,Finance,Analyst,3,3,2020-02-21,2024-07-01,4.4,49000.0
Male,46,HR,Manager,3,2,2020-09-25,2024-07-01,3.8,75040.0
Female,38,Operations,Analyst,8,2,2016-11-22,2024-07-01,7.6,56000.0
Female,34,Finance,Analyst,5,2,2016-01-23,2024-07-01,8.4,53400.0
Female,49,IT,Analyst,3,5,2015-03-29,2024-07-01,9.3,61750.0
Male,32,IT,Analyst,1,1,2023-07-15,2024-07-01,1.0,35900.0
Male,56,IT,Team Lead,5,5,2010-08-06,2024-07-01,13.9,100870.0
Female,55,IT,Analyst,1,4,2020-04-03,2024-07-01,4.2,51300.0
Female,32,IT,Senior Analyst,4,1,2016-11-14,2024-07-01,7.6,58560.0
Female,27,Operations,Analyst,5,4,2016-09-04,2024-07-01,7.8,55100.0
Female,49,Finance,Team Lead,3,1,2012-06-11,2024-07-01,12.1,81130.0
Female,31,Finance,Analyst,2,5,2012-05-06,2024-07-01,12.2,61500.0
Male,53,IT,Analyst,6,2,2020-07-05,2024-07-01,4.0,51600.0
Male,26,Operations,Manager,1,3,2021-10-09,2024-07-01,2.7,66000.0
Female,35,Sales,Manager,5,2,2015-10-16,2024-07-01,8.7,86480.0
Male,52,IT,Analyst,3,5,2015-12-19,2024-07-01,8.5,61150.0
Male,31,Sales,Analyst,5,1,2012-03-16,2024-07-01,12.3,56650.0
Female,43,Finance,Analyst,3,2,2021-07-03,2024-07-01,3.0,45100.0
Female,46,IT,Analyst,3,5,2010-09-04,2024-07-01,13.8,67900.0
Female,54,HR,Analyst,3,4,2014-03-06,2024-07-01,10.3,62250.0
Female,54,HR,Analyst,8,3,2013-10-22,2024-07-01,10.7,65850.0
Male,49,IT,Analyst,6,2,2013-05-17,2024-07-01,11.1,61450.0
Female,24,Operations,Analyst,2,1,2012-03-07,2024-07-01,12.3,52250.0
Female,37,Marketing,Senior Analyst,2,4,2018-10-16,2024-07-01,5.7,61140.0
Male,55,Sales,Team Lead,5,5,2013-06-26,2024-07-01,11.0,94500.0
Female,33,HR,Senior Analyst,5,3,2014-08-12,2024-07-01,9.9,68940.0
Female,59,HR,Analyst,3,1,2019-11-11,2024-07-01,4.6,48700.0
Female,35,Sales,Analyst,8,5,2021-12-02,2024-07-01,2.6,53900.0
Female,49,Finance,Team Lead,3,5,2018-07-22,2024-07-01,5.9,79310.0
Female,49,IT,Analyst,8,2,2018-10-26,2024-07-01,5.7,55350.0
Male,31,Finance,Analyst,3,2,2016-02-29,2024-07-01,8.3,50650.0
Male,52,Marketing,Senior Analyst,1,1,2014-03-14,2024-07-01,10.3,64620.0
Female,22,HR,Senior Analyst,1,5,2020-02-08,2024-07-01,4.4,56400.0
Female,34,IT,Senior Analyst,4,2,2011-11-07,2024-07-01,12.7,70620.0
Female,40,Marketing,Analyst,3,3,2022-02-02,2024-07-01,2.4,45600.0
Female,42,IT,Analyst,6,3,2017-03-01,2024-07-01,7.3,56350.0
Female,31,IT,Team Lead,4,5,2021-07-09,2024-07-01,3.0,69580.0
Female,47,IT,Analyst,5,2,2021-05-28,2024-07-01,3.1,48050.0
Female,23,IT,Senior Analyst,9,1,2010-05-07,2024-07-01,14.2,74280.0
Female,37,Marketing,Manager,3,1,2022-06-30,2024-07-01,2.0,64640.0
Female,48,Finance,Senior Analyst,1,1,2015-08-23,2024-07-01,8.9,61140.0
Female,49,IT,Analyst,9,3,2022-09-10,2024-07-01,1.8,52500.0
Female,41,Operations,Analyst,8,2,2014-05-07,2024-07-01,10.2,60500.0
Male,36,Operations,Senior Analyst,9,2,2023-11-09,2024-07-01,0.6,55320.0
Male,57,Operations,Executive,6,3,2018-04-21,2024-07-01,6.2,75010.0
Male,40,IT,Executive,3,1,2022-04-03,2024-07-01,2.2,53690.0
Female,26,HR,Analyst,2,1,2015-09-22,2024-07-01,8.8,47400.0
Male,39,Operations,Analyst,9,5,2015-10-24,2024-07-01,8.7,64850.0
Female,25,Marketing,Executive,2,4,2013-11-15,2024-07-01,10.6,72670.0
Female,23,IT,Manager,8,2,2013-05-04,2024-07-01,11.2,93440.0
Male,21,IT,Executive,4,2,2010-11-11,2024-07-01,13.6,74880.0
Female,58,HR,Analyst,2,2,2017-09-01,2024-07-01,6.8,52800.0
Male,35,Operations,Senior Analyst,4,4,2018-09-27,2024-07-01,5.8,63240.0
Male,54,Finance,Manager,1,5,2016-11-21,2024-07-01,7.6,93120.0
Female,55,HR,Senior Analyst,3,4,2022-12-29,2024-07-01,1.5,59100.0
Male,45,IT,Analyst,9,1,2012-08-29,2024-07-01,11.8,62700.0
Male,44,Sales,Analyst,1,1,2015-04-25,2024-07-01,9.2,50600.0
Female,32,Marketing,Senior Analyst,1,2,2019-11-09,2024-07-01,4.6,51960.0
Female,38,IT,Analyst,7,3,2018-10-25,2024-07-01,5.7,54150.0
Male,35,Marketing,Analyst,0,2,2020-12-27,2024-07-01,3.5,41250.0
Female,36,Operations,Team Lead,6,3,2012-07-01,2024-07-01,12.0,87080.0
Male,47,IT,Analyst,4,4,2014-12-24,2024-07-01,9.5,60650.0
Male,28,Finance,Senior Manager,7,1,2018-10-04,2024-07-01,5.7,86670.0
Female,45,IT,Analyst,0,3,2021-09-01,2024-07-01,2.8,44200.0
Female,37,Marketing,Senior Analyst,6,4,2010-02-11,2024-07-01,14.4,81600.0
Female,49,Finance,Team Lead,4,1,2015-04-04,2024-07-01,9.2,76440.0
Female,28,Finance,Analyst,3,3,2012-11-09,2024-07-01,11.6,57000.0
Female,35,Marketing,Analyst,6,2,2017-06-01,2024-07-01,7.1,52650.0
Female,47,IT,Analyst,9,2,2016-01-10,2024-07-01,8.5,60150.0
Male,27,Operations,Analyst,1,2,2017-05-24,2024-07-01,7.1,46050.0
Female,23,Finance,Manager,0,4,2013-03-02,2024-07-01,11.3,87280.0
Male,49,IT,Executive,0,2,2010-10-05,2024-07-01,13.7,77155.0
Female,44,Sales,Analyst,0,5,2011-12-12,2024-07-01,12.6,62700.0
Male,23,Marketing,Analyst,4,1,2015-09-04,2024-07-01,8.8,48800.0
Male,40,IT,Analyst,9,4,2014-05-30,2024-07-01,10.1,65150.0
Female,35,Operations,Manager,6,2,2016-02-24,2024-07-01,8.4,87360.0
Female,45,Operations,Analyst,1,1,2013-08-11,2024-07-01,10.9,53350.0
Female,50,IT,Senior Analyst,9,3,2017-02-26,2024-07-01,7.3,73140.0
Female,34,Operations,Senior Analyst,7,2,2010-07-18,2024-07-01,14.0,76560.0
Male,27,IT,Senior Analyst,3,1,2016-01-18,2024-07-01,8.5,57780.0
Male,37,IT,Analyst,2,5,2021-06-29,2024-07-01,3.0,48900.0
Male,40,IT,Manager,9,3,2012-08-10,2024-07-01,11.9,105360.0
Female,56,Operations,Analyst,7,5,2021-06-02,2024-07-01,3.1,57850.0
Female,29,Sales,Analyst,1,1,2021-11-07,2024-07-01,2.6,37700.0
Female,58,IT,Executive,2,5,2014-06-30,2024-07-01,10.0,82680.0
Male,42,HR,Manager,2,1,2015-06-30,2024-07-01,9.0,81440.0
Female,22,Finance,Analyst,9,1,2018-02-01,2024-07-01,6.4,50000.0
Female,44,IT,Analyst,0,5,2017-04-22,2024-07-01,7.2,54600.0
Female,28,Operations,Analyst,5,1,2011-12-27,2024-07-01,12.5,56350.0
Female,31,Marketing,Analyst,1,2,2011-06-30,2024-07-01,13.0,55700.0
Female,33,Finance,Analyst,0,1,2023-08-09,2024-07-01,0.9,34950.0
Male,37,Operations,Analyst,1,4,2019-09-23,2024-07-01,4.8,48600.0
Male,28,HR,Analyst,5,1,2016-07-26,2024-07-01,7.9,49450.0
Female,41,Operations,Manager,3,4,2023-03-09,2024-07-01,1.3,73840.0
Male,38,Sales,Senior Analyst,5,1,2019-06-24,2024-07-01,5.0,56520.0
Male,50,Finance,Senior Analyst,8,1,2011-04-29,2024-07-01,13.2,77760.0
Male,38,IT,Analyst,9,5,2018-07-23,2024-07-01,5.9,60450.0
Male,51,Operations,Team Lead,9,2,2022-09-23,2024-07-01,1.8,71260.0
Female,58,HR,Senior Manager,7,2,2016-07-26,2024-07-01,7.9,107010.0
Female,52,IT,Senior Manager,0,3,2022-10-06,2024-07-01,1.7,79110.0
Female,31,IT,Senior Manager,7,5,2010-10-28,2024-07-01,13.7,123750.0
Male,45,Finance,Executive,8,5,2016-09-28,2024-07-01,7.8,82810.0
Female,53,Finance,Senior Analyst,5,2,2018-03-13,2024-07-01,6.3,64860.0
Female,58,Sales,Analyst,9,5,2015-08-11,2024-07-01,8.9,68950.0
Male,28,Operations,Senior Analyst,4,2,2021-10-11,2024-07-01,2.7,51180.0
Female,31,IT,Manager,5,5,2014-09-09,2024-07-01,9.8,97440.0
Male,42,Sales,Manager,5,1,2023-12-21,2024-07-01,0.5,65840.0
Female,44,IT,Senior Analyst,8,2,2010-08-03,2024-07-01,13.9,79980.0
Female,37,Operations,Analyst,3,2,2023-11-04,2024-07-01,0.7,40450.0
Male,32,Marketing,Analyst,1,4,2015-02-25,2024-07-01,9.4,54500.0
Male,52,Finance,Executive,8,5,2022-01-23,2024-07-01,2.4,74100.0
Female,35,Sales,Senior Analyst,1,5,2012-02-02,2024-07-01,12.4,73920.0
Female,36,IT,Senior Analyst,9,2,2011-01-18,2024-07-01,13.5,78540.0
Female,42,HR,Analyst,8,1,2014-06-16,2024-07-01,10.0,58400.0
Female,48,Marketing,Analyst,1,1,2013-05-31,2024-07-01,11.1,54250.0
Male,40,HR,Executive,7,1,2015-09-21,2024-07-01,8.8,71760.0
Male,53,IT,Senior Analyst,8,5,2012-06-03,2024-07-01,12.1,86100.0
Female,30,HR,Manager,9,4,2014-02-20,2024-07-01,10.4,101760.0
Male,52,Marketing,Analyst,8,2,2016-01-19,2024-07-01,8.5,60150.0
Female,53,IT,Senior Analyst,9,3,2016-03-30,2024-07-01,8.3,75660.0
Female,22,IT,Analyst,8,4,2014-05-31,2024-07-01,10.1,60550.0
Female,53,Sales,Manager,1,3,2014-03-03,2024-07-01,10.3,92880.0
Male,53,Marketing,Analyst,3,4,2011-11-24,2024-07-01,12.6,65500.0
Female,33,IT,Analyst,6,1,2011-07-09,2024-07-01,13.0,59100.0
Female,50,IT,Senior Analyst,1,5,2013-05-07,2024-07-01,11.2,75360.0
Female,53,IT,Executive,0,3,2014-12-01,2024-07-01,9.6,72800.0
Female,33,IT,Analyst,2,4,2017-08-24,2024-07-01,6.9,51950.0
Male,46,HR,Senior Manager,3,5,2020-01-20,2024-07-01,4.4,96840.0
Female,42,Sales,Analyst,7,3,2023-04-18,2024-07-01,1.2,48200.0
Female,59,Sales,Analyst,5,2,2021-09-19,2024-07-01,2.8,50000.0
Male,22,Finance,Analyst,1,4,2015-09-19,2024-07-01,8.8,51600.0
Male,58,IT,Analyst,8,2,2017-05-02,2024-07-01,7.2,59400.0
Male,59,Marketing,Senior Analyst,1,1,2014-04-13,2024-07-01,10.2,66120.0
Male,46,HR,Analyst,4,2,2013-11-04,2024-07-01,10.7,58250.0
Male,35,Operations,Analyst,3,2,2016-05-23,2024-07-01,8.1,51150.0
Female,54,Finance,Executive,6,4,2021-01-15,2024-07-01,3.5,71565.0
Male,31,IT,Analyst,7,1,2021-09-05,2024-07-01,2.8,44400.0
Male,23,Sales,Manager,4,2,2017-04-04,2024-07-01,7.2,77440.0
Female,26,IT,Analyst,9,5,2023-08-02,2024-07-01,0.9,50550.0
Male,29,Sales,Senior Analyst,4,3,2021-11-03,2024-07-01,2.7,53820.0
Female,26,IT,Analyst,1,2,2019-07-16,2024-07-01,5.0,42700.0
Male,29,IT,Analyst,7,1,2013-08-11,2024-07-01,10.9,56150.0
Male,59,Operations,Analyst,1,2,2017-11-30,2024-07-01,6.6,51700.0
Female,51,IT,Analyst,9,3,2018-02-15,2024-07-01,6.4,59800.0
Female,52,Marketing,Analyst,5,1,2015-10-20,2024-07-01,8.7,55450.0
Female,32,IT,Senior Analyst,7,4,2016-07-06,2024-07-01,8.0,70080.0
Female,28,Finance,Executive,5,1,2018-09-05,2024-07-01,5.8,60190.0
Female,28,Sales,Senior Manager,3,4,2018-10-30,2024-07-01,5.7,90270.0
Male,48,Finance,Senior Analyst,3,1,2016-05-03,2024-07-01,8.2,62280.0
Male,40,IT,Analyst,5,3,2022-12-01,2024-07-01,1.6,46400.0
Female,27,IT,Analyst,3,3,2017-01-07,2024-07-01,7.5,50650.0
Female,31,IT,Analyst,7,1,2014-06-09,2024-07-01,10.1,55350.0
Female,40,IT,Analyst,8,2,2013-12-28,2024-07-01,10.5,60750.0
Female,36,Sales,Senior Analyst,0,3,2010-04-20,2024-07-01,14.2,71400.0
Male,24,Operations,Senior Analyst,3,4,2017-07-31,2024-07-01,6.9,61380.0
Female,26,Operations,Analyst,3,4,2014-04-08,2024-07-01,10.2,56500.0
Male,42,Marketing,Analyst,1,5,2011-12-02,2024-07-01,12.6,63300.0
Female,46,Marketing,Senior Manager,5,4,2015-08-03,2024-07-01,8.9,108990.0
Female,23,Sales,Manager,2,5,2010-11-14,2024-07-01,13.6,99200.0
Female,34,IT,Analyst,6,1,2023-02-26,2024-07-01,1.3,41750.0
Female,31,Operations,Executive,4,1,2011-08-18,2024-07-01,12.9,73515.0
Female,38,Sales,Team Lead,3,1,2016-04-25,2024-07-01,8.2,69860.0
Male,32,Finance,Analyst,4,2,2012-09-13,2024-07-01,11.8,57100.0
Female,43,IT,Analyst,7,2,2021-01-30,2024-07-01,3.4,49700.0
Female,32,HR,Senior Analyst,2,5,2012-09-08,2024-07-01,11.8,73320.0
Female,33,HR,Executive,6,4,2022-04-30,2024-07-01,2.2,63570.0
Male,45,Operations,Executive,5,4,2017-03-30,2024-07-01,7.3,75335.0
Female,39,Finance,Analyst,0,1,2023-06-25,2024-07-01,1.0,36300.0
Male,56,IT,Analyst,6,3,2010-02-16,2024-07-01,14.4,69800.0
Male,28,Operations,Senior Analyst,6,2,2020-02-09,2024-07-01,4.4,56640.0
Female,49,IT,Senior Analyst,0,2,2017-05-07,2024-07-01,7.2,59520.0
Male,52,HR,Analyst,8,1,2019-05-26,2024-07-01,5.1,53050.0
Male,38,IT,Executive,5,2,2012-07-04,2024-07-01,12.0,77480.0
Female,26,Sales,Senior Analyst,1,1,2014-10-10,2024-07-01,9.7,57300.0
Female,38,Operations,Senior Manager,4,5,2017-04-30,2024-07-01,7.2,103320.0
Female,39,IT,Executive,3,4,2020-10-06,2024-07-01,3.7,64155.0
Female,42,Operations,Manager,6,3,2014-09-05,2024-07-01,9.8,96160.0
Female,57,IT,Analyst,7,4,2021-10-30,2024-07-01,2.7,55450.0
Male,52,Operations,Senior Analyst,0,4,2020-03-14,2024-07-01,4.3,59820.0
Male,23,Marketing,Analyst,4,5,2010-03-06,2024-07-01,14.3,65050.0
Female,48,Marketing,Senior Analyst,2,2,2015-11-20,2024-07-01,8.6,64200.0
Female,30,IT,Analyst,0,3,2023-07-27,2024-07-01,0.9,38350.0
Female,55,Operations,Senior Analyst,2,2,2015-03-02,2024-07-01,9.3,67140.0
Female,49,Sales,Analyst,5,4,2013-12-01,2024-07-01,10.6,63700.0
Male,35,IT,Analyst,6,1,2016-02-06,2024-07-01,8.4,52600.0
Female,53,Marketing,Analyst,7,4,2010-04-01,2024-07-01,14.3,72050.0
Male,27,IT,Analyst,3,2,2014-07-12,2024-07-01,10.0,52400.0
Female,32,Operations,Manager,2,4,2013-12-24,2024-07-01,10.5,91440.0
Female,50,IT,Manager,4,1,2010-08-28,2024-07-01,13.9,98960.0
Female,41,Sales,Senior Analyst,8,5,2017-12-17,2024-07-01,6.5,73140.0
Male,51,Finance,Analyst,5,2,2020-02-19,2024-07-01,4.4,50800.0
Male,44,IT,Analyst,8,4,2010-11-27,2024-07-01,13.6,70200.0
Male,40,IT,Analyst,5,2,2014-12-03,2024-07-01,9.6,56400.0
Female,57,IT,Analyst,1,5,2018-05-05,2024-07-01,6.2,56700.0
Female,24,HR,Executive,4,4,2012-03-04,2024-07-01,12.3,78325.0
Male,48,IT,Analyst,8,4,2015-06-26,2024-07-01,9.0,64100.0
Male,40,Finance,Analyst,7,2,2013-08-23,2024-07-01,10.9,60350.0
Female,44,IT,Analyst,6,2,2022-03-15,2024-07-01,2.3,47250.0
Male,52,IT,Analyst,0,1,2021-10-21,2024-07-01,2.7,41450.0
Female,56,Sales,Senior Analyst,3,5,2015-01-26,2024-07-01,9.4,75960.0
Female,54,IT,Senior Analyst,6,1,2017-01-20,2024-07-01,7.4,65880.0
Male,56,Operations,Analyst,6,4,2010-08-28,2024-07-01,13.9,71050.0
Male,22,Operations,Analyst,5,2,2020-02-23,2024-07-01,4.4,45000.0
Female,35,Sales,Analyst,7,4,2023-09-08,2024-07-01,0.8,48200.0
Male,54,Finance,Analyst,5,4,2012-04-21,2024-07-01,12.2,67100.0
Male,56,Operations,Analyst,9,3,2015-06-19,2024-07-01,9.0,64700.0
Female,26,IT,Team Lead,2,3,2014-07-19,2024-07-01,10.0,74480.0
Female,59,IT,Senior Analyst,3,4,2013-03-03,2024-07-01,11.3,77700.0
Female,32,IT,Senior Analyst,2,2,2021-05-25,2024-07-01,3.1,50460.0
Female,23,Marketing,Analyst,0,4,2011-07-06,2024-07-01,13.0,57100.0
Male,38,IT,Analyst,9,3,2013-10-30,2024-07-01,10.7,63650.0
Male,41,Finance,Senior Analyst,4,2,2020-01-03,2024-07-01,4.5,57540.0
Female,35,Operations,Senior Analyst,0,4,2017-11-10,2024-07-01,6.6,59880.0
Female,53,Operations,Manager,0,5,2020-08-21,2024-07-01,3.9,82320.0
Female,55,Finance,Analyst,1,5,2020-12-09,2024-07-01,3.6,52400.0
Female,46,IT,Senior Analyst,3,4,2012-01-13,2024-07-01,12.5,76740.0
Male,28,Marketing,Analyst,5,2,2020-08-28,2024-07-01,3.8,45300.0
Female,56,Finance,Executive,7,4,2014-10-21,2024-07-01,9.7,85475.0
Male,50,IT,Senior Analyst,2,4,2014-08-01,2024-07-01,9.9,71820.0
Female,43,IT,Senior Analyst,0,3,2016-10-18,2024-07-01,7.7,61380.0
Male,34,Operations,Analyst,2,5,2019-04-14,2024-07-01,5.2,51600.0
Male,34,Sales,Senior Analyst,2,3,2015-04-02,2024-07-01,9.3,64500.0
Male,22,Marketing,Analyst,4,3,2016-01-12,2024-07-01,8.5,52150.0
Female,57,Operations,Analyst,3,4,2011-09-20,2024-07-01,12.8,66600.0
Female,25,Finance,Analyst,3,3,2020-10-15,2024-07-01,3.7,44550.0
Female,58,Finance,Senior Analyst,8,5,2013-11-08,2024-07-01,10.7,84780.0
Female,34,HR,Analyst,6,3,2013-10-25,2024-07-01,10.7,59850.0
Male,59,IT,Analyst,3,5,2019-06-29,2024-07-01,5.0,57300.0
Male,45,HR,Executive,2,3,2017-05-31,2024-07-01,7.1,68445.0
Female,40,Marketing,Analyst,5,5,2022-11-07,2024-07-01,1.6,50400.0
Male,22,Finance,Senior Analyst,2,3,2018-10-21,2024-07-01,5.7,55140.0
Female,59,Operations,Analyst,5,3,2018-10-03,2024-07-01,5.7,56350.0
Male,26,HR,Analyst,8,2,2020-04-06,2024-07-01,4.2,48500.0
Female,37,Finance,Manager,5,5,2010-06-25,2024-07-01,14.0,109440.0
Male,45,Finance,Analyst,3,5,2010-03-09,2024-07-01,14.3,68450.0
Female,48,Finance,Analyst,4,5,2019-05-16,2024-07-01,5.1,56250.0
Female,22,Sales,Senior Analyst,5,1,2017-10-22,2024-07-01,6.7,55740.0
Female,55,IT,Senior Analyst,2,3,2011-06-07,2024-07-01,13.1,76380.0
Male,57,Finance,Senior Analyst,7,5,2012-12-31,2024-07-01,11.5,84780.0
Female,25,IT,Analyst,3,1,2023-09-14,2024-07-01,0.8,36200.0
Female,21,IT,Analyst,7,2,2015-01-25,2024-07-01,9.4,54300.0
Female,32,HR,Manager,9,5,2014-04-02,2024-07-01,10.3,105360.0
Female,56,Sales,Senior Analyst,9,5,2023-02-12,2024-07-01,1.4,68760.0
Female,43,Operations,Senior Manager,2,1,2011-05-21,2024-07-01,13.1,103050.0
Female,51,Finance,Senior Manager,9,3,2012-05-12,2024-07-01,12.1,123030.0
Female,31,Sales,Senior Manager,6,2,2017-11-09,2024-07-01,6.6,91980.0
Female,30,Finance,Analyst,8,5,2015-02-14,2024-07-01,9.4,63100.0
Female,23,Finance,Analyst,3,3,2012-08-01,2024-07-01,11.9,56450.0
Male,34,IT,Manager,7,2,2019-08-29,2024-07-01,4.8,80000.0
Male,36,IT,Analyst,2,4,2019-04-29,2024-07-01,5.2,50000.0
Female,30,IT,Analyst,6,4,2016-11-02,2024-07-01,7.7,56550.0
Female,49,HR,Executive,2,2,2020-06-15,2024-07-01,4.0,60840.0
Female,30,IT,Executive,6,1,2010-12-13,2024-07-01,13.6,77220.0
Female,32,IT,Analyst,9,2,2011-09-17,2024-07-01,12.8,63600.0
Male,50,IT,Analyst,9,2,2018-05-18,2024-07-01,6.1,57150.0
Male,21,Operations,Analyst,5,1,2021-01-24,2024-07-01,3.4,41300.0
Female,25,IT,Senior Manager,1,1,2014-10-20,2024-07-01,9.7,85590.0
Male,40,HR,Executive,2,3,2021-06-07,2024-07-01,3.1,59345.0
Female,28,IT,Analyst,5,3,2011-10-10,2024-07-01,12.7,60650.0
Male,32,Finance,Analyst,3,1,2017-12-02,2024-07-01,6.6,46300.0
Female,21,IT,Executive,5,4,2017-09-03,2024-07-01,6.8,68120.0
Female,40,IT,Analyst,0,4,2020-09-21,2024-07-01,3.8,46700.0
Female,48,Finance,Senior Analyst,9,2,2012-04-01,2024-07-01,12.3,79260.0
Female,57,IT,Team Lead,0,5,2011-05-02,2024-07-01,13.2,92680.0
Male,57,IT,Analyst,2,2,2010-03-29,2024-07-01,14.3,63850.0
Female,32,IT,Senior Analyst,7,2,2018-04-01,2024-07-01,6.3,62220.0
Female,57,IT,Analyst,7,5,2019-02-25,2024-07-01,5.4,61500.0
Male,48,IT,Analyst,3,1,2012-12-18,2024-07-01,11.5,56850.0
Female,35,IT,Senior Manager,5,4,2019-04-23,2024-07-01,5.2,95040.0
Female,26,Marketing,Analyst,7,2,2019-04-06,2024-07-01,5.2,49000.0
Female,40,Finance,Team Lead,6,5,2021-07-27,2024-07-01,2.9,74690.0
Female,34,Finance,Senior Analyst,6,3,2023-05-21,2024-07-01,1.1,54540.0
Female,22,IT,Analyst,3,2,2017-03-31,2024-07-01,7.3,47350.0
Female,29,Operations,Analyst,8,4,2013-12-08,2024-07-01,10.6,62700.0
Female,57,IT,Analyst,9,1,2013-11-24,2024-07-01,10.6,63300.0
Female,40,IT,Analyst,5,2,2017-09-29,2024-07-01,6.8,52200.0
Male,46,Finance,Analyst,2,2,2012-08-23,2024-07-01,11.9,58050.0
Male,49,IT,Analyst,4,5,2021-11-25,2024-07-01,2.6,52700.0
Male,21,IT,Analyst,4,3,2017-11-06,2024-07-01,6.7,49250.0
Female,55,Finance,Manager,4,3,2019-04-20,2024-07-01,5.2,86080.0
Female,26,Operations,Senior Analyst,7,1,2013-12-05,2024-07-01,10.6,66120.0
Male,57,HR,Manager,8,4,2021-12-23,2024-07-01,2.5,89840.0
Female,25,Sales,Analyst,8,1,2022-04-18,2024-07-01,2.2,43300.0
Male,53,Operations,Analyst,5,2,2023-07-13,2024-07-01,1.0,46100.0
Female,34,IT,Senior Analyst,5,2,2014-08-26,2024-07-01,9.9,66780.0
Female,32,IT,Analyst,8,3,2019-06-29,2024-07-01,5.0,52900.0
Female,40,IT,Analyst,3,4,2016-01-19,2024-07-01,8.5,56750.0
Female,44,HR,Senior Manager,5,5,2018-10-09,2024-07-01,5.7,103230.0
Female,54,HR,Manager,3,4,2014-05-07,2024-07-01,10.2,99360.0
Male,45,Operations,Senior Analyst,0,2,2018-03-24,2024-07-01,6.3,56940.0
Male,49,Sales,Analyst,6,5,2012-04-18,2024-07-01,12.2,69100.0
Female,59,Finance,Manager,9,4,2012-09-17,2024-07-01,11.8,114400.0
Female,51,IT,Senior Analyst,5,4,2011-04-07,2024-07-01,13.2,81600.0
Female,43,Marketing,Manager,8,5,2018-06-29,2024-07-01,6.0,96960.0
Female,58,Operations,Manager,6,2,2017-09-07,2024-07-01,6.8,90880.0
Female,40,Marketing,Senior Manager,6,4,2022-12-23,2024-07-01,1.5,88650.0
Female,43,IT,Senior Analyst,1,5,2014-01-08,2024-07-01,10.5,72420.0
Female,36,Finance,Analyst,8,2,2012-08-02,2024-07-01,11.9,62050.0
Female,28,IT,Senior Analyst,9,5,2021-05-07,2024-07-01,3.2,65280.0
Male,41,IT,Senior Analyst,8,5,2018-11-19,2024-07-01,5.6,71520.0
Female,21,IT,Manager,5,4,2019-05-21,2024-07-01,5.1,79760.0
Male,28,Finance,Analyst,2,2,2019-03-17,2024-07-01,5.3,44550.0
Female,49,Sales,Analyst,0,4,2010-07-06,2024-07-01,14.0,63800.0
Female,52,IT,Executive,3,1,2022-07-15,2024-07-01,2.0,56420.0
Male,58,IT,Manager,2,1,2023-02-09,2024-07-01,1.4,68320.0
Female,25,HR,Executive,0,2,2019-04-05,2024-07-01,5.2,54340.0
Female,42,IT,Manager,2,5,2016-08-02,2024-07-01,7.9,91600.0
Male,54,IT,Senior Analyst,3,4,2015-09-04,2024-07-01,8.8,72000.0
Male,21,HR,Senior Analyst,7,4,2023-04-22,2024-07-01,1.2,55200.0
Female,46,Marketing,Executive,8,2,2022-05-03,2024-07-01,2.2,64350.0
Female,30,IT,Senior Analyst,2,2,2010-09-21,2024-07-01,13.8,69240.0
Female,50,IT,Senior Analyst,5,1,2010-02-04,2024-07-01,14.4,76320.0
Female,38,IT,Analyst,9,3,2014-03-27,2024-07-01,10.3,63050.0
Female,37,Operations,Analyst,4,2,2014-02-14,2024-07-01,10.4,56000.0
Female,46,Sales,Manager,5,3,2023-10-20,2024-07-01,0.7,74000.0
Female,28,Sales,Analyst,3,2,2015-06-13,2024-07-01,9.1,51250.0
Female,32,IT,Analyst,9,5,2021-10-29,2024-07-01,2.7,54450.0
Female,47,Finance,Analyst,5,5,2018-09-03,2024-07-01,5.8,58100.0
Male,28,IT,Analyst,6,1,2016-05-20,2024-07-01,8.1,50750.0
Male,45,Finance,Analyst,8,1,2013-10-27,2024-07-01,10.7,60050.0
Female,24,Operations,Analyst,9,3,2021-06-08,2024-07-01,3.1,49450.0
Female,53,Finance,Executive,6,2,2012-11-26,2024-07-01,11.6,81900.0
Female,21,Operations,Senior Analyst,5,4,2014-12-04,2024-07-01,9.6,67920.0
Male,39,Sales,Analyst,0,1,2018-07-01,2024-07-01,6.0,43800.0
Male,51,IT,Analyst,1,4,2015-03-13,2024-07-01,9.3,58150.0
Male,36,Operations,Senior Analyst,0,4,2010-10-12,2024-07-01,13.7,72900.0
Male,34,IT,Analyst,8,2,2012-10-18,2024-07-01,11.7,61350.0
Female,25,Finance,Senior Manager,9,3,2020-11-18,2024-07-01,3.6,90720.0
Male,46,IT,Senior Analyst,9,2,2021-05-17,2024-07-01,3.1,62220.0
Female,48,IT,Manager,8,1,2021-09-21,2024-07-01,2.8,78080.0
Female,22,HR,Analyst,6,4,2010-09-12,2024-07-01,13.8,64100.0
Male,26,IT,Senior Analyst,1,2,2022-12-08,2024-07-01,1.6,45120.0
Female,29,HR,Analyst,5,2,2013-11-02,2024-07-01,10.7,55850.0
Female,53,Finance,Executive,3,2,2015-01-18,2024-07-01,9.5,73905.0
Male,45,IT,Senior Analyst,0,1,2017-12-07,2024-07-01,6.6,55080.0
Female,33,IT,Analyst,0,3,2016-08-30,2024-07-01,7.8,49300.0
Female,29,Finance,Analyst,4,2,2021-02-24,2024-07-01,3.4,43900.0
Female,33,IT,Analyst,1,1,2016-06-28,2024-07-01,8.0,46600.0
Male,51,Sales,Senior Analyst,3,4,2017-05-03,2024-07-01,7.2,68400.0
Female,31,Sales,Analyst,0,5,2021-12-13,2024-07-01,2.6,45100.0
Female,24,Marketing,Senior Analyst,3,1,2018-08-06,2024-07-01,5.9,52380.0
Male,54,Sales,Analyst,5,5,2015-11-30,2024-07-01,8.6,63700.0
Female,58,HR,Senior Analyst,9,2,2014-07-12,2024-07-01,10.0,77520.0
Female,24,Sales,Senior Manager,3,2,2013-09-30,2024-07-01,10.8,95400.0
Female,58,IT,Manager,0,1,2010-05-10,2024-07-01,14.2,95840.0
Male,39,IT,Manager,6,5,2018-10-11,2024-07-01,5.7,91760.0
Female,26,Marketing,Analyst,1,2,2020-05-25,2024-07-01,4.1,41350.0
Male,54,HR,Analyst,8,4,2017-07-16,2024-07-01,7.0,62300.0
Male,38,Marketing,Senior Analyst,2,3,2012-10-08,2024-07-01,11.7,69780.0
Male,33,Marketing,Analyst,7,3,2011-09-26,2024-07-01,12.8,63800.0
Male,43,Operations,Analyst,7,2,2019-05-16,2024-07-01,5.1,52250.0
Male,39,Operations,Analyst,2,5,2022-04-28,2024-07-01,2.2,48100.0
Male,31,HR,Analyst,3,2,2019-01-12,2024-07-01,5.5,46450.0
Female,21,IT,Analyst,1,5,2013-01-05,2024-07-01,11.5,57450.0
Male,44,Finance,Executive,3,4,2021-12-07,2024-07-01,2.6,63310.0
Male,27,IT,Analyst,8,5,2017-08-21,2024-07-01,6.9,58750.0
Female,45,Finance,Senior Analyst,1,2,2012-07-18,2024-07-01,12.0,68400.0
Female,41,Sales,Analyst,2,4,2016-11-12,2024-07-01,7.6,54600.0
Female,35,Sales,Senior Analyst,3,1,2019-01-22,2024-07-01,5.4,54120.0
Male,21,IT,Analyst,4,3,2015-10-23,2024-07-01,8.7,52250.0
Male,32,IT,Executive,0,2,2010-06-16,2024-07-01,14.1,73515.0
Male,27,HR,Executive,6,2,2012-03-22,2024-07-01,12.3,76505.0
Male,35,IT,Analyst,9,2,2014-08-12,2024-07-01,9.9,59850.0
Male,41,Operations,Executive,6,4,2015-08-08,2024-07-01,8.9,78715.0
Male,39,IT,Team Lead,8,1,2018-03-31,2024-07-01,6.3,73150.0
Male,49,IT,Senior Manager,3,5,2020-03-18,2024-07-01,4.3,97650.0
Male,45,IT,Senior Manager,5,1,2010-04-09,2024-07-01,14.2,112140.0
Female,53,Finance,Analyst,1,4,2011-02-12,2024-07-01,13.4,64700.0
Male,52,Finance,Senior Analyst,3,2,2018-09-06,2024-07-01,5.8,61320.0
Male,55,IT,Analyst,1,3,2018-09-24,2024-07-01,5.8,51700.0
Female,58,IT,Analyst,9,2,2021-08-27,2024-07-01,2.8,53800.0
Female,46,HR,Team Lead,4,5,2018-07-27,2024-07-01,5.9,79870.0
Male,31,IT,Analyst,6,3,2014-01-25,2024-07-01,10.4,58800.0
Female,55,Sales,Manager,0,2,2015-06-27,2024-07-01,9.0,85600.0
Female,28,Finance,Senior Manager,9,3,2019-04-26,2024-07-01,5.2,96120.0
Male,34,IT,Executive,9,1,2012-05-23,2024-07-01,12.1,79235.0
Female,30,IT,Team Lead,6,4,2011-04-16,2024-07-01,13.2,90720.0
Female,22,Operations,Analyst,9,2,2020-12-12,2024-07-01,3.6,47800.0
Male,29,HR,Analyst,5,5,2017-04-15,2024-07-01,7.2,56600.0
Male,23,Sales,Analyst,5,1,2015-04-05,2024-07-01,9.2,50400.0
Female,41,IT,Analyst,7,2,2021-12-08,2024-07-01,2.6,48100.0
Female,46,HR,Analyst,7,1,2023-05-24,2024-07-01,1.1,44850.0
Male,28,IT,Analyst,5,5,2016-08-21,2024-07-01,7.9,57450.0
Male,22,Finance,Manager,2,2,2021-01-17,2024-07-01,3.5,65040.0
Male,26,Operations,Senior Analyst,4,5,2019-11-14,2024-07-01,4.6,61320.0
Female,48,IT,Analyst,1,3,2014-12-10,2024-07-01,9.6,56000.0
Female,49,IT,Senior Analyst,4,5,2013-05-31,2024-07-01,11.1,78540.0
Male,46,IT,Analyst,8,3,2020-05-24,2024-07-01,4.1,54350.0
Female,45,IT,Analyst,9,2,2014-07-29,2024-07-01,9.9,61850.0
Female,32,IT,Manager,0,3,2016-01-13,2024-07-01,8.5,80240.0
Male,25,IT,Senior Analyst,9,2,2020-03-29,2024-07-01,4.3,59340.0
Male,54,Marketing,Manager,4,2,2013-10-01,2024-07-01,10.8,96000.0
Female,57,HR,Analyst,5,4,2021-03-10,2024-07-01,3.3,54350.0
Female,35,IT,Senior Manager,6,2,2023-05-04,2024-07-01,1.2,78840.0
Female,56,Operations,Senior Analyst,8,3,2019-10-31,2024-07-01,4.7,68700.0
Female,35,IT,Senior Analyst,5,4,2022-03-12,2024-07-01,2.3,58140.0
Male,43,Operations,Senior Analyst,4,4,2016-07-04,2024-07-01,8.0,69120.0
Female,26,IT,Executive,6,2,2014-03-09,2024-07-01,10.3,72345.0
Female,41,Operations,Senior Analyst,0,5,2012-02-24,2024-07-01,12.4,74160.0
Male,43,Finance,Senior Analyst,4,5,2010-10-14,2024-07-01,13.7,81780.0
Male,36,Marketing,Team Lead,1,4,2012-06-22,2024-07-01,12.0,82880.0
Male,35,Operations,Manager,3,2,2019-05-25,2024-07-01,5.1,74640.0
Male,45,IT,Analyst,6,5,2010-08-07,2024-07-01,13.9,70850.0
Male,56,Operations,Manager,4,2,2010-09-23,2024-07-01,13.8,103840.0
Male,31,IT,Analyst,5,2,2023-04-24,2024-07-01,1.2,42000.0
Male,35,IT,Analyst,1,4,2023-08-06,2024-07-01,0.9,42350.0
Male,24,IT,Senior Analyst,2,4,2021-05-13,2024-07-01,3.1,53340.0
Female,41,Finance,Executive,6,1,2011-10-17,2024-07-01,12.7,78325.0
Female,33,IT,Executive,1,5,2011-08-08,2024-07-01,12.9,80535.0
Female,42,Finance,Analyst,5,5,2019-02-23,2024-07-01,5.4,56500.0
Female,39,Finance,Senior Analyst,4,5,2010-11-18,2024-07-01,13.6,80640.0
Female,54,Marketing,Analyst,9,3,2016-03-05,2024-07-01,8.3,63250.0
Male,34,Marketing,Team Lead,0,2,2013-09-12,2024-07-01,10.8,72800.0
Female,24,HR,Team Lead,9,4,2014-03-31,2024-07-01,10.3,87150.0
Female,47,IT,Senior Analyst,3,5,2011-03-29,2024-07-01,13.3,80820.0
Female,49,IT,Senior Manager,1,1,2019-11-25,2024-07-01,4.6,80460.0
Female,48,IT,Manager,3,5,2018-03-26,2024-07-01,6.3,91280.0
Male,55,IT,Senior Analyst,0,2,2016-06-02,2024-07-01,8.1,62580.0
Male,28,IT,Analyst,1,2,2022-01-10,2024-07-01,2.5,39350.0
Male,36,IT,Analyst,7,4,2013-07-23,2024-07-01,10.9,63550.0
Female,56,Operations,Senior Analyst,5,3,2023-02-12,2024-07-01,1.4,59160.0
Female,50,Finance,Senior Analyst,1,4,2010-03-17,2024-07-01,14.3,78540.0
Male,38,IT,Analyst,5,5,2019-08-17,2024-07-01,4.9,54950.0
Female,22,Finance,Executive,9,1,2018-11-20,2024-07-01,5.6,63440.0
Female,33,IT,Analyst,8,4,2023-07-31,2024-07-01,0.9,48950.0
Male,24,HR,Senior Analyst,6,3,2017-03-03,2024-07-01,7.3,63300.0
Male,46,Finance,Senior Analyst,8,4,2010-12-23,2024-07-01,13.5,84540.0
Male,45,HR,Senior Analyst,4,2,2011-12-08,2024-07-01,12.6,73080.0
Male,50,HR,Senior Analyst,6,5,2016-03-12,2024-07-01,8.3,76140.0
Male,31,Operations,Analyst,6,5,2023-05-25,2024-07-01,1.1,48850.0
Male,27,Operations,Analyst,2,5,2017-05-24,2024-07-01,7.1,53050.0
Male,51,Finance,Senior Analyst,6,5,2014-05-14,2024-07-01,10.1,79620.0
Male,30,Finance,Senior Analyst,0,5,2011-12-30,2024-07-01,12.5,71700.0
Female,59,Finance,Analyst,8,5,2017-04-18,2024-07-01,7.2,65600.0
Male,33,IT,Manager,9,1,2022-11-30,2024-07-01,1.6,72000.0
Female,51,IT,Analyst,5,3,2012-04-10,2024-07-01,12.2,64500.0
Female,27,IT,Senior Analyst,4,5,2017-11-16,2024-07-01,6.6,65160.0
Female,56,HR,Senior Manager,6,3,2019-02-24,2024-07-01,5.4,101340.0
Male,40,Finance,Analyst,4,5,2023-07-24,2024-07-01,0.9,48350.0
Male,24,IT,Analyst,9,4,2021-08-27,2024-07-01,2.8,51000.0
Female,27,Operations,Manager,4,5,2022-08-04,2024-07-01,1.9,75600.0
Female,21,Operations,Senior Analyst,9,2,2013-03-09,2024-07-01,11.3,70980.0
Female,33,Sales,Senior Analyst,6,1,2020-03-19,2024-07-01,4.3,55260.0
Male,42,Finance,Senior Manager,9,4,2020-05-30,2024-07-01,4.1,101790.0
Male,41,Operations,Senior Manager,6,4,2016-12-17,2024-07-01,7.5,105210.0
Female,42,IT,Team Lead,2,2,2022-03-19,2024-07-01,2.3,59990.0
Female,48,Marketing,Senior Analyst,2,5,2011-08-23,2024-07-01,12.9,79140.0
Female,29,IT,Analyst,9,1,2017-10-13,2024-07-01,6.7,51850.0
Female,46,Marketing,Analyst,2,4,2022-08-26,2024-07-01,1.8,46900.0
Male,29,IT,Analyst,5,1,2016-02-19,2024-07-01,8.4,50400.0
Female,35,Operations,Senior Analyst,5,4,2019-09-14,2024-07-01,4.8,62640.0
Male,30,Operations,Analyst,2,5,2021-11-09,2024-07-01,2.6,46900.0
Male,44,IT,Executive,2,4,2016-06-22,2024-07-01,8.0,72540.0
Female,28,HR,Senior Analyst,7,4,2015-01-14,2024-07-01,9.5,71820.0
Female,44,Operations,Senior Analyst,7,3,2021-02-01,2024-07-01,3.4,62280.0
Male,36,HR,Analyst,6,5,2013-09-30,2024-07-01,10.8,64400.0
Male,46,Operations,Analyst,9,2,2019-01-12,2024-07-01,5.5,55450.0
Female,47,Finance,Analyst,3,2,2012-09-18,2024-07-01,11.8,59100.0
Male,57,IT,Analyst,3,5,2010-09-17,2024-07-01,13.8,70100.0
Female,24,IT,Analyst,2,2,2020-08-01,2024-07-01,3.9,41650.0
Male,44,IT,Senior Analyst,4,5,2010-10-05,2024-07-01,13.7,82020.0
Female,39,Marketing,Executive,2,2,2020-07-31,2024-07-01,3.9,58045.0
Female,56,IT,Executive,7,3,2013-07-14,2024-07-01,11.0,85410.0
Male,59,Finance,Senior Analyst,6,2,2017-07-31,2024-07-01,6.9,68580.0
Male,30,HR,Analyst,2,4,2023-01-21,2024-07-01,1.4,43100.0
Male,45,Finance,Executive,8,5,2019-04-20,2024-07-01,5.2,77740.0
Male,38,Operations,Executive,4,1,2011-05-12,2024-07-01,13.1,75725.0
Female,39,Operations,Analyst,8,1,2016-06-28,2024-07-01,8.0,54800.0
Male,56,HR,Manager,6,5,2020-01-10,2024-07-01,4.5,94320.0
Female,30,Marketing,Analyst,6,3,2020-12-30,2024-07-01,3.5,48250.0
Male,53,Marketing,Senior Manager,5,2,2019-04-27,2024-07-01,5.2,94320.0
Female,25,Finance,Team Lead,1,3,2017-09-01,2024-07-01,6.8,66080.0
Female,55,Operations,Analyst,8,1,2014-03-24,2024-07-01,10.3,61450.0
Female,54,IT,Executive,5,5,2020-10-06,2024-07-01,3.7,73255.0
Female,53,IT,Senior Analyst,7,5,2012-08-16,2024-07-01,11.9,84540.0
Female,41,Operations,Team Lead,0,3,2023-01-21,2024-07-01,1.4,57820.0
Male,37,HR,Analyst,4,3,2010-08-03,2024-07-01,13.9,63250.0
Female,42,Marketing,Senior Manager,0,2,2016-12-30,2024-07-01,7.5,87570.0
Female,57,Operations,Analyst,9,4,2022-02-13,2024-07-01,2.4,57000.0
Female,35,IT,Analyst,7,4,2018-11-06,2024-07-01,5.7,55550.0
Male,55,Operations,Analyst,7,2,2018-09-09,2024-07-01,5.8,55700.0
Female,48,HR,Team Lead,0,4,2021-06-07,2024-07-01,3.1,66150.0
Female,27,Finance,Senior Manager,8,1,2017-12-14,2024-07-01,6.6,90540.0
Male,52,Finance,Executive,1,4,2015-04-28,2024-07-01,9.2,75660.0
Male,31,Operations,Executive,8,2,2011-04-14,2024-07-01,13.2,81900.0
Female,30,IT,Analyst,0,4,2011-08-10,2024-07-01,12.9,58350.0
Female,29,HR,Analyst,9,5,2012-05-12,2024-07-01,12.1,67950.0
Female,34,Sales,Analyst,8,3,2013-01-10,2024-07-01,11.5,63050.0
Male,33,Sales,Analyst,3,1,2022-08-20,2024-07-01,1.9,39450.0
Female,45,Sales,Analyst,8,5,2018-09-02,2024-07-01,5.8,60700.0
Male,22,IT,Analyst,6,5,2013-09-24,2024-07-01,10.8,61600.0
Male,55,IT,Analyst,5,2,2017-04-22,2024-07-01,7.2,55800.0
Male,27,IT,Analyst,4,3,2019-01-10,2024-07-01,5.5,48650.0
Female,41,Marketing,Analyst,8,3,2018-01-12,2024-07-01,6.5,56950.0
Female,38,IT,Analyst,1,1,2018-06-15,2024-07-01,6.0,44600.0
Female,23,IT,Team Lead,1,2,2014-02-06,2024-07-01,10.4,70280.0
Male,59,Operations,Manager,8,1,2019-12-03,2024-07-01,4.6,85920.0
Female,31,IT,Team Lead,2,4,2016-10-30,2024-07-01,7.7,73850.0
Male,59,Operations,Analyst,7,5,2010-05-09,2024-07-01,14.2,75100.0
Female,44,Sales,Analyst,8,1,2013-01-16,2024-07-01,11.5,61050.0
Female,39,Marketing,Manager,7,5,2014-01-07,2024-07-01,10.5,104880.0
Male,24,IT,Analyst,3,2,2012-05-20,2024-07-01,12.1,54950.0
Female,46,IT,Analyst,0,4,2011-10-29,2024-07-01,12.7,61250.0
Male,58,Sales,Analyst,3,2,2014-11-28,2024-07-01,9.6,58000.0
Female,52,Marketing,Analyst,8,4,2017-09-10,2024-07-01,6.8,61600.0
Female,59,Sales,Analyst,1,4,2011-06-07,2024-07-01,13.1,65450.0
Male,56,IT,Analyst,2,5,2016-12-24,2024-07-01,7.5,59450.0
Female,57,Marketing,Senior Analyst,9,2,2022-08-07,2024-07-01,1.9,62700.0
Male,53,Marketing,Analyst,7,2,2021-10-05,2024-07-01,2.7,50650.0
Female,56,Sales,Analyst,5,1,2023-02-03,2024-07-01,1.4,45300.0
Female,23,Marketing,Senior Manager,7,2,2016-04-25,2024-07-01,8.2,95220.0
Female,29,Marketing,Analyst,6,1,2017-11-19,2024-07-01,6.6,48700.0
Male,28,Finance,Analyst,4,3,2015-02-06,2024-07-01,9.4,54700.0
Female,53,IT,Executive,8,3,2011-08-14,2024-07-01,12.9,89635.0
Female,26,HR,Analyst,3,3,2013-02-15,2024-07-01,11.4,56300.0
Male,59,IT,Analyst,5,2,2015-10-09,2024-07-01,8.7,58850.0
Male,24,HR,Analyst,1,2,2020-06-08,2024-07-01,4.1,40950.0
Female,33,HR,Analyst,1,1,2010-01-13,2024-07-01,14.5,56350.0
Female,22,IT,Senior Analyst,1,4,2021-09-24,2024-07-01,2.8,51120.0
Female,25,IT,Senior Manager,9,1,2013-09-05,2024-07-01,10.8,102960.0
Female,47,IT,Analyst,6,3,2011-12-07,2024-07-01,12.6,65300.0
Female,52,Marketing,Senior Analyst,1,1,2012-05-03,2024-07-01,12.2,68040.0
Male,41,Operations,Senior Analyst,1,4,2010-10-30,2024-07-01,13.7,75300.0
Male,28,IT,Analyst,8,2,2022-03-11,2024-07-01,2.3,46050.0
Male,58,Operations,Senior Analyst,6,1,2015-12-10,2024-07-01,8.6,69000.0
Female,28,Finance,Analyst,2,3,2017-03-12,2024-07-01,7.3,49550.0
Male,23,IT,Analyst,2,3,2010-12-06,2024-07-01,13.6,58000.0
Female,23,IT,Analyst,6,2,2016-05-12,2024-07-01,8.1,51750.0
Female,42,Finance,Analyst,4,1,2018-09-14,2024-07-01,5.8,48100.0
Female,26,Marketing,Analyst,9,4,2018-11-23,2024-07-01,5.6,55600.0
Male,22,Sales,Senior Manager,5,2,2015-08-08,2024-07-01,8.9,93150.0
Female,43,IT,Analyst,7,1,2018-10-09,2024-07-01,5.7,51150.0
Male,22,IT,Analyst,8,5,2014-01-07,2024-07-01,10.5,63150.0
Female,58,HR,Analyst,0,3,2012-05-11,2024-07-01,12.1,60750.0
Male,37,IT,Manager,2,4,2020-08-03,2024-07-01,3.9,77200.0
Male,55,IT,Senior Analyst,6,4,2020-12-09,2024-07-01,3.6,66480.0
Female,54,IT,Senior Analyst,5,4,2021-01-06,2024-07-01,3.5,64860.0
Male,43,Marketing,Manager,6,3,2022-11-25,2024-07-01,1.6,76800.0
Male,50,Operations,Executive,7,1,2019-09-17,2024-07-01,4.8,66560.0
Female,28,HR,Analyst,5,2,2023-07-23,2024-07-01,0.9,40950.0
Female,42,Operations,Senior Analyst,2,1,2016-12-10,2024-07-01,7.6,58560.0
Female,56,IT,Senior Manager,1,2,2012-12-10,2024-07-01,11.6,105480.0
Female,25,HR,Team Lead,6,4,2021-04-30,2024-07-01,3.2,68320.0
Female,33,IT,Executive,0,1,2019-08-11,2024-07-01,4.9,53235.0
Male,49,Finance,Analyst,2,4,2019-11-19,2024-07-01,4.6,51700.0
Male,51,Operations,Analyst,3,5,2022-03-18,2024-07-01,2.3,51650.0
Male,36,Finance,Analyst,0,4,2019-08-30,2024-07-01,4.8,47400.0
Female,50,IT,Manager,4,4,2023-04-05,2024-07-01,1.2,78080.0
Female,36,Finance,Analyst,9,2,2020-04-25,2024-07-01,4.2,51500.0
Female,32,IT,Analyst,2,5,2018-11-07,2024-07-01,5.7,51950.0
Female,37,Operations,Senior Manager,1,4,2016-11-03,2024-07-01,7.7,95310.0
Female,36,Finance,Analyst,2,4,2018-01-29,2024-07-01,6.4,51800.0
Male,32,HR,Executive,7,5,2017-01-16,2024-07-01,7.5,77545.0
Female,28,Finance,Analyst,5,5,2022-08-23,2024-07-01,1.9,48450.0
Female,40,Finance,Analyst,6,1,2020-09-14,2024-07-01,3.8,46700.0
Female,23,IT,Analyst,5,2,2019-07-07,2024-07-01,5.0,46100.0
Male,36,Sales,Manager,5,5,2011-10-28,2024-07-01,12.7,106000.0
Female,50,IT,Analyst,2,5,2021-10-19,2024-07-01,2.7,51050.0
Female,43,Sales,Analyst,7,3,2014-10-15,2024-07-01,9.7,61150.0
Female,48,Marketing,Team Lead,6,5,2023-12-05,2024-07-01,0.6,72100.0
Female,25,Marketing,Analyst,6,2,2015-03-05,2024-07-01,9.3,53950.0
Female,40,Finance,Senior Analyst,5,4,2021-01-14,2024-07-01,3.5,61500.0
Female,21,Finance,Senior Analyst,4,4,2014-06-12,2024-07-01,10.1,67620.0
Male,50,IT,Analyst,9,4,2023-12-28,2024-07-01,0.5,52750.0
Female,41,Marketing,Senior Analyst,7,4,2011-01-20,2024-07-01,13.5,82140.0
Female,40,IT,Analyst,4,3,2017-01-08,2024-07-01,7.5,54250.0
Female,26,HR,Senior Analyst,8,5,2013-10-24,2024-07-01,10.7,77100.0
Female,42,IT,Analyst,8,4,2010-12-10,2024-07-01,13.6,69800.0
Female,38,IT,Senior Analyst,0,1,2022-06-26,2024-07-01,2.0,45120.0
Female,28,Finance,Analyst,5,4,2014-03-27,2024-07-01,10.3,59050.0
Female,59,IT,Senior Analyst,6,5,2022-04-15,2024-07-01,2.2,67320.0
Male,52,Sales,Analyst,2,4,2019-06-27,2024-07-01,5.0,52900.0
Female,53,IT,Analyst,6,3,2014-08-24,2024-07-01,9.9,62450.0
Female,36,IT,Analyst,6,2,2016-10-13,2024-07-01,7.7,53750.0
Male,32,Finance,Analyst,1,2,2022-11-12,2024-07-01,1.6,38800.0
Female,58,IT,Senior Manager,6,5,2012-01-22,2024-07-01,12.4,128160.0
Female,54,IT,Analyst,0,2,2017-05-27,2024-07-01,7.1,50450.0
Female,34,Sales,Executive,4,2,2016-02-18,2024-07-01,8.4,68120.0
Female,56,IT,Team Lead,8,1,2023-03-28,2024-07-01,1.3,67410.0
Male,53,Marketing,Senior Analyst,6,5,2016-08-05,2024-07-01,7.9,76140.0
Male,43,IT,Analyst,6,5,2016-07-11,2024-07-01,8.0,61600.0
Male,22,IT,Analyst,1,2,2018-12-09,2024-07-01,5.6,42800.0
Female,41,Sales,Manager,7,2,2021-05-13,2024-07-01,3.1,78160.0
Male,22,IT,Analyst,2,2,2013-07-06,2024-07-01,11.0,51900.0
Male,47,IT,Analyst,7,3,2019-08-06,2024-07-01,4.9,54750.0
Male,29,IT,Senior Analyst,2,4,2023-06-08,2024-07-01,1.1,50940.0
Female,21,IT,Senior Manager,9,3,2012-06-02,2024-07-01,12.1,112230.0
Female,31,Marketing,Manager,6,5,2013-03-10,2024-07-01,11.3,102640.0
Male,23,IT,Analyst,1,1,2021-08-18,2024-07-01,2.9,36950.0
Male,43,Marketing,Senior Analyst,3,4,2022-02-07,2024-07-01,2.4,57840.0
Female,46,Operations,Analyst,5,1,2013-05-20,2024-07-01,11.1,57850.0
Female,24,HR,Analyst,8,5,2011-08-10,2024-07-01,12.9,67150.0
Male,38,Operations,Executive,4,5,2015-06-04,2024-07-01,9.1,78325.0
Female,26,IT,Analyst,8,1,2014-08-02,2024-07-01,9.9,55050.0
Male,55,Operations,Analyst,4,1,2016-05-01,2024-07-01,8.2,54300.0
Male,42,IT,Analyst,9,1,2020-05-16,2024-07-01,4.1,50550.0
Female,35,Sales,Executive,7,5,2020-02-12,2024-07-01,4.4,72280.0
Female,42,HR,Manager,0,2,2013-07-17,2024-07-01,11.0,86240.0
Female,57,IT,Senior Analyst,6,1,2015-07-17,2024-07-01,9.0,69480.0
Male,32,Finance,Manager,3,4,2019-04-13,2024-07-01,5.2,80320.0
Female,58,Sales,Analyst,4,5,2016-01-25,2024-07-01,8.4,63200.0
Female,38,IT,Analyst,5,3,2014-04-02,2024-07-01,10.3,59050.0
Male,55,IT,Analyst,4,3,2023-05-14,2024-07-01,1.1,47650.0
Female,50,Sales,Analyst,0,4,2019-10-22,2024-07-01,4.7,50050.0
Male,44,Sales,Analyst,8,2,2011-05-22,2024-07-01,13.1,65450.0
Female,50,Operations,Executive,1,1,2021-03-21,2024-07-01,3.3,55835.0
Male,34,Marketing,Analyst,8,5,2015-09-26,2024-07-01,8.8,63000.0
Female,26,Operations,Analyst,9,1,2019-01-04,2024-07-01,5.5,49450.0
Male,23,Sales,Analyst,1,5,2011-07-30,2024-07-01,12.9,59950.0
Female,36,IT,Analyst,8,3,2015-07-14,2024-07-01,9.0,59700.0
Female,27,IT,Executive,5,1,2016-03-24,2024-07-01,8.3,64805.0
Female,34,Marketing,Analyst,8,4,2019-08-13,2024-07-01,4.9,55150.0
Male,29,Finance,Analyst,5,2,2016-04-02,2024-07-01,8.3,52250.0
Female,35,IT,Manager,5,4,2012-07-01,2024-07-01,12.0,100800.0
Male,41,IT,Analyst,1,2,2015-02-01,2024-07-01,9.4,52300.0
Female,55,Operations,Analyst,7,1,2013-11-18,2024-07-01,10.6,60900.0
Male,22,Finance,Analyst,2,1,2015-02-06,2024-07-01,9.4,47500.0
Male,47,HR,Senior Analyst,6,2,2015-05-07,2024-07-01,9.2,69840.0
Male,22,HR,Team Lead,4,3,2021-02-02,2024-07-01,3.4,62300.0
Female,55,IT,Manager,2,5,2014-03-28,2024-07-01,10.3,101520.0
Female,38,IT,Analyst,0,4,2022-05-23,2024-07-01,2.1,43750.0
Male,34,IT,Senior Manager,7,4,2019-10-27,2024-07-01,4.7,96930.0
Female,40,IT,Analyst,2,4,2013-04-04,2024-07-01,11.2,59800.0
Female,38,Marketing,Analyst,1,1,2017-09-09,2024-07-01,6.8,45800.0
Female,30,HR,Analyst,0,4,2020-09-27,2024-07-01,3.8,44700.0
Female,45,Marketing,Analyst,3,5,2015-04-10,2024-07-01,9.2,60800.0
Female,22,Operations,Senior Analyst,7,5,2013-08-08,2024-07-01,10.9,75300.0
Female,45,IT,Senior Analyst,2,2,2017-08-12,2024-07-01,6.9,60420.0
Male,53,Sales,Executive,0,1,2010-05-23,2024-07-01,14.1,76375.0
Male,56,HR,Senior Analyst,3,5,2022-12-19,2024-07-01,1.5,61740.0
Female,51,Operations,Senior Analyst,8,3,2016-11-20,2024-07-01,7.6,72720.0
Female,34,IT,Analyst,0,1,2023-09-21,2024-07-01,0.8,35000.0
Male,21,Sales,Analyst,1,1,2022-08-26,2024-07-01,1.8,34900.0
Male,36,Finance,Senior Analyst,8,5,2010-09-09,2024-07-01,13.8,85080.0
Female,23,IT,Analyst,1,3,2023-04-11,2024-07-01,1.2,38400.0
Female,55,IT,Senior Manager,2,2,2015-09-21,2024-07-01,8.8,99360.0
Male,26,Sales,Analyst,6,5,2023-05-19,2024-07-01,1.1,47850.0
Male,45,Sales,Analyst,2,3,2017-06-20,2024-07-01,7.0,52500.0
Female,33,IT,Analyst,8,1,2014-10-03,2024-07-01,9.8,56300.0
Female,54,Finance,Analyst,5,3,2015-02-04,2024-07-01,9.4,60900.0
Male,28,IT,Analyst,2,1,2022-07-16,2024-07-01,2.0,37600.0
Male,41,Sales,Manager,8,5,2021-07-14,2024-07-01,3.0,89120.0
Male,54,IT,Analyst,0,5,2016-10-26,2024-07-01,7.7,57350.0
Female,24,Operations,Senior Analyst,9,4,2015-10-20,2024-07-01,8.7,71820.0
Male,45,IT,Analyst,2,4,2016-02-09,2024-07-01,8.4,56600.0
Male,35,IT,Analyst,0,4,2012-02-22,2024-07-01,12.4,58600.0
Female,24,IT,Analyst,1,5,2018-04-30,2024-07-01,6.2,50100.0
Male,32,IT,Senior Manager,7,2,2013-10-26,2024-07-01,10.7,105210.0
Female,52,Finance,Analyst,6,5,2015-10-20,2024-07-01,8.7,64450.0
Male,52,IT,Manager,1,3,2016-02-01,2024-07-01,8.4,88000.0
Male,48,Marketing,Analyst,1,5,2019-01-06,2024-07-01,5.5,53850.0
Male,33,IT,Manager,8,5,2013-07-30,2024-07-01,10.9,105520.0
Female,51,IT,Analyst,5,1,2019-10-24,2024-07-01,4.7,49250.0
Female,34,IT,Senior Analyst,4,1,2020-01-15,2024-07-01,4.5,53460.0
Female,40,IT,Senior Analyst,9,1,2014-09-09,2024-07-01,9.8,70440.0
Male,38,IT,Executive,5,5,2014-10-28,2024-07-01,9.7,80795.0
Female,49,HR,Analyst,8,2,2021-08-06,2024-07-01,2.9,51150.0
Male,26,HR,Analyst,6,3,2010-07-19,2024-07-01,14.0,63200.0
Male,52,HR,Analyst,9,3,2012-03-09,2024-07-01,12.3,68850.0
Female,49,Finance,Senior Manager,9,2,2012-06-14,2024-07-01,12.1,118710.0
Male,22,Finance,Senior Analyst,8,2,2018-10-06,2024-07-01,5.7,59940.0
Male,43,IT,Manager,3,3,2019-11-04,2024-07-01,4.7,79440.0
Male,39,HR,Analyst,1,4,2017-11-30,2024-07-01,6.6,51700.0
Male,51,Operations,Analyst,7,1,2012-05-10,2024-07-01,12.2,62500.0
Male,25,Finance,Analyst,3,1,2014-11-04,2024-07-01,9.7,49550.0
Female,39,Sales,Team Lead,8,3,2020-02-21,2024-07-01,4.4,74760.0
Female,54,IT,Senior Analyst,3,2,2014-09-01,2024-07-01,9.8,69000.0
Female,30,Marketing,Executive,7,4,2022-08-11,2024-07-01,1.9,63505.0
Female,45,Marketing,Analyst,8,3,2012-03-08,2024-07-01,12.3,66450.0
Male,22,Finance,Senior Analyst,8,1,2019-10-31,2024-07-01,4.7,55740.0
Male,31,Operations,Senior Analyst,9,5,2017-12-02,2024-07-01,6.6,72120.0
Male,51,IT,Analyst,3,2,2011-09-24,2024-07-01,12.8,61400.0
Female,35,IT,Senior Manager,0,5,2019-09-22,2024-07-01,4.8,88560.0
Male,29,Marketing,Executive,2,3,2014-03-16,2024-07-01,10.3,70525.0
Female,43,Marketing,Executive,8,1,2017-03-22,2024-07-01,7.3,70915.0
Female,39,IT,Manager,3,4,2012-09-27,2024-07-01,11.8,98400.0
Female,29,IT,Analyst,4,5,2019-03-08,2024-07-01,5.3,52750.0
Female,55,IT,Analyst,6,4,2017-06-06,2024-07-01,7.1,60650.0
Male,41,IT,Team Lead,4,1,2022-09-28,2024-07-01,1.8,58660.0
Female,29,Marketing,Analyst,3,5,2015-07-31,2024-07-01,8.9,57150.0
Female,48,Finance,Manager,1,4,2020-02-05,2024-07-01,4.4,80320.0
Male,27,IT,Manager,1,4,2022-08-14,2024-07-01,1.9,67600.0
Female,36,IT,Senior Analyst,3,5,2015-07-10,2024-07-01,9.0,70440.0
Female,36,IT,Team Lead,9,1,2019-07-03,2024-07-01,5.0,70980.0
Female,53,IT,Analyst,9,4,2021-03-11,2024-07-01,3.3,57550.0
Female,24,Finance,Analyst,8,3,2023-07-03,2024-07-01,1.0,45300.0
Female,24,Operations,Analyst,7,5,2020-11-20,2024-07-01,3.6,52200.0
Male,59,Marketing,Analyst,2,2,2012-01-26,2024-07-01,12.4,61400.0
Male,37,IT,Analyst,8,2,2014-07-12,2024-07-01,10.0,59400.0
Female,57,Operations,Analyst,4,1,2019-12-16,2024-07-01,4.5,49150.0
Female,59,Marketing,Senior Manager,2,3,2016-12-23,2024-07-01,7.5,100890.0
Male,49,Marketing,Executive,4,4,2015-10-16,2024-07-01,8.7,77805.0
Male,56,HR,Analyst,9,2,2017-01-04,2024-07-01,7.5,60450.0
Female,58,IT,Analyst,3,1,2023-01-26,2024-07-01,1.4,43700.0
Female,59,IT,Executive,7,3,2012-07-04,2024-07-01,12.0,88140.0
Female,57,IT,Analyst,4,3,2016-09-23,2024-07-01,7.8,58100.0
Male,55,IT,Analyst,9,1,2022-09-11,2024-07-01,1.8,49700.0
Male,27,IT,Analyst,7,1,2016-05-18,2024-07-01,8.1,51550.0
Male,47,HR,Senior Analyst,8,4,2015-07-09,2024-07-01,9.0,76680.0
Female,48,Sales,Analyst,3,1,2022-10-20,2024-07-01,1.7,42150.0
Male,42,HR,Team Lead,6,4,2013-12-07,2024-07-01,10.6,88620.0
Female,34,IT,Analyst,1,4,2020-04-02,2024-07-01,4.2,47100.0
Male,27,Operations,Senior Analyst,5,5,2013-12-23,2024-07-01,10.5,73380.0
Female,57,Operations,Analyst,7,3,2021-10-08,2024-07-01,2.7,53450.0
Female,42,Marketing,Analyst,6,3,2020-10-29,2024-07-01,3.7,50950.0
Female,25,Operations,Senior Analyst,6,3,2017-11-18,2024-07-01,6.6,62280.0
Male,22,Finance,Manager,7,5,2016-10-24,2024-07-01,7.7,92720.0
Male,47,Operations,Manager,6,4,2016-12-30,2024-07-01,7.5,95440.0
Male,41,IT,Senior Analyst,4,4,2011-10-31,2024-07-01,12.7,77100.0
Female,58,IT,Executive,6,1,2011-02-23,2024-07-01,13.4,84110.0
Female,35,IT,Senior Manager,9,5,2013-02-02,2024-07-01,11.4,122580.0
Female,41,IT,Manager,2,1,2023-01-12,2024-07-01,1.5,63120.0
Female,30,IT,Analyst,4,5,2016-12-31,2024-07-01,7.5,56250.0
Female,43,Finance,Analyst,6,1,2021-01-24,2024-07-01,3.4,46700.0
Male,59,Marketing,Analyst,8,2,2021-01-18,2024-07-01,3.5,54050.0
Female,25,Finance,Senior Analyst,1,3,2012-01-21,2024-07-01,12.5,66900.0
Female,21,IT,Analyst,3,3,2010-02-21,2024-07-01,14.4,59800.0
Male,33,Marketing,Analyst,6,4,2020-04-27,2024-07-01,4.2,51900.0
Female,41,Finance,Executive,0,2,2019-08-22,2024-07-01,4.9,57915.0
Male,46,IT,Executive,1,3,2020-11-26,2024-07-01,3.6,60580.0
Male,41,Sales,Executive,8,4,2017-07-26,2024-07-01,6.9,77415.0
Female,38,IT,Analyst,9,2,2012-08-21,2024-07-01,11.9,63450.0
Male,57,IT,Senior Analyst,6,3,2012-04-29,2024-07-01,12.2,80040.0
Female,52,Operations,Analyst,9,1,2011-01-16,2024-07-01,13.5,66650.0
Male,56,IT,Analyst,6,5,2016-02-23,2024-07-01,8.4,64800.0
Male,37,HR,Analyst,5,2,2018-02-05,2024-07-01,6.4,51000.0
Male,55,Operations,Analyst,2,4,2023-04-18,2024-07-01,1.2,47800.0
Male,31,Sales,Analyst,9,2,2014-11-03,2024-07-01,9.7,58750.0
Female,41,IT,Senior Manager,2,4,2016-01-02,2024-07-01,8.5,100710.0
Male,46,IT,Analyst,1,2,2016-03-11,2024-07-01,8.3,51650.0
Female,24,IT,Manager,5,4,2014-03-01,2024-07-01,10.3,93200.0
Female,54,Finance,Senior Analyst,3,3,2019-04-18,2024-07-01,5.2,63120.0
Female,38,HR,Analyst,4,1,2019-06-12,2024-07-01,5.1,46250.0
Female,55,IT,Analyst,2,3,2014-01-26,2024-07-01,10.4,59600.0
Female,49,Operations,Analyst,5,1,2011-04-17,2024-07-01,13.2,61600.0
Male,49,Finance,Senior Analyst,2,3,2012-10-25,2024-07-01,11.7,72420.0
Male,58,IT,Analyst,7,3,2023-07-30,2024-07-01,0.9,50950.0
Male,41,Finance,Analyst,8,2,2022-02-07,2024-07-01,2.4,48800.0
Female,33,Sales,Analyst,3,5,2018-07-11,2024-07-01,6.0,53600.0
Male,37,IT,Senior Analyst,8,4,2010-08-03,2024-07-01,13.9,83100.0
Female,29,IT,Executive,6,4,2023-03-05,2024-07-01,1.3,60775.0
Female,21,Marketing,Analyst,2,4,2012-06-20,2024-07-01,12.0,57200.0
Male,22,HR,Manager,6,1,2021-06-13,2024-07-01,3.1,67280.0
Female,49,Finance,Senior Analyst,0,4,2020-08-06,2024-07-01,3.9,58380.0
Male,53,HR,Executive,2,4,2022-01-14,2024-07-01,2.5,64155.0
Male,30,IT,Senior Manager,5,2,2019-06-25,2024-07-01,5.0,85500.0
Female,41,IT,Senior Analyst,3,3,2014-09-29,2024-07-01,9.8,68280.0
Female,48,HR,Senior Analyst,6,4,2011-09-22,2024-07-01,12.8,81360.0
Female,31,IT,Executive,2,5,2012-05-16,2024-07-01,12.1,79755.0
Female,54,IT,Analyst,0,4,2017-03-20,2024-07-01,7.3,54750.0
Male,28,Marketing,Analyst,8,1,2021-12-01,2024-07-01,2.6,44500.0
Female,42,Operations,Analyst,5,1,2013-11-19,2024-07-01,10.6,56300.0
Female,28,Marketing,Senior Manager,7,1,2020-10-21,2024-07-01,3.7,81270.0
Female,35,Operations,Senior Manager,2,4,2011-07-15,2024-07-01,13.0,110700.0
Male,37,IT,Analyst,7,2,2015-02-22,2024-07-01,9.4,57500.0
Female,43,Operations,Senior Analyst,1,5,2018-06-08,2024-07-01,6.1,64500.0
Male,44,IT,Analyst,3,4,2017-01-04,2024-07-01,7.5,56050.0
Male,39,Operations,Analyst,2,2,2013-06-20,2024-07-01,11.0,55300.0
Female,25,Operations,Team Lead,9,2,2015-07-01,2024-07-01,9.0,79100.0
Male,52,Sales,Analyst,0,4,2011-08-27,2024-07-01,12.9,62750.0
Female,21,Operations,Analyst,6,4,2017-05-09,2024-07-01,7.2,54000.0
Female,43,Finance,Senior Analyst,9,2,2016-10-27,2024-07-01,7.7,69780.0
